{"imr gp match":{"GT0371":0.8870387783,"GT0628":0.9162874608,"GT0670":0.9704931016,"GT0732":0.9259415263},"nr gp match":{"GT0371":0.8891007,"GT0628":0.9977636903,"GT0670":0.9997278967,"GT0732":0.998476154},"imr nr match":{"GT0371":0.9679648671,"GT0628":0.9149988521,"GT0670":0.9707311558,"GT0732":0.9267717817},"waveform":{"GT0371":"GT0371","GT0628":"GT0628","GT0670":"GT0670","GT0732":"GT0732"},"seo nr match":{"GT0371":0.9829626072,"GT0628":0.9305957862,"GT0670":0.9500316664,"GT0732":0.9663474822},"seo gp match":{"GT0371":0.8798333878,"GT0628":0.9366061585,"GT0670":0.9529512144,"GT0732":0.9673812207}}