{"imr gp match":{"SXS_BBH_0010_Res5":0.9538129121,"SXS_BBH_0026_Res5":0.9678371649,"SXS_BBH_0107_Res5":0.9357010424,"SXS_BBH_0229_Res5":0.9696606212,"SXS_BBH_0235_Res5":0.9264407672,"SXS_BBH_0243_Res5":0.9216474478,"SXS_BBH_0264_Res5":0.9236752361,"SXS_BBH_0296_Res5":0.9633994731},"nr gp match":{"SXS_BBH_0010_Res5":0.9894213856,"SXS_BBH_0026_Res5":0.9831870558,"SXS_BBH_0107_Res5":0.9783761054,"SXS_BBH_0229_Res5":0.9871128159,"SXS_BBH_0235_Res5":0.9873068065,"SXS_BBH_0243_Res5":0.9805280147,"SXS_BBH_0264_Res5":0.9984993333,"SXS_BBH_0296_Res5":0.9954116817},"imr nr match":{"SXS_BBH_0010_Res5":0.9517857935,"SXS_BBH_0026_Res5":0.9802240426,"SXS_BBH_0107_Res5":0.9464128188,"SXS_BBH_0229_Res5":0.9583958615,"SXS_BBH_0235_Res5":0.9388190809,"SXS_BBH_0243_Res5":0.9481361804,"SXS_BBH_0264_Res5":0.9223857787,"SXS_BBH_0296_Res5":0.9627494643},"waveform":{"SXS_BBH_0010_Res5":"SXS_BBH_0010_Res5","SXS_BBH_0026_Res5":"SXS_BBH_0026_Res5","SXS_BBH_0107_Res5":"SXS_BBH_0107_Res5","SXS_BBH_0229_Res5":"SXS_BBH_0229_Res5","SXS_BBH_0235_Res5":"SXS_BBH_0235_Res5","SXS_BBH_0243_Res5":"SXS_BBH_0243_Res5","SXS_BBH_0264_Res5":"SXS_BBH_0264_Res5","SXS_BBH_0296_Res5":"SXS_BBH_0296_Res5"},"seo nr match":{"SXS_BBH_0010_Res5":0.9944731423,"SXS_BBH_0026_Res5":0.9759323343,"SXS_BBH_0107_Res5":0.9908387938,"SXS_BBH_0229_Res5":0.9844921586,"SXS_BBH_0235_Res5":0.9948043024,"SXS_BBH_0243_Res5":0.9840512343,"SXS_BBH_0264_Res5":0.9949205845,"SXS_BBH_0296_Res5":0.9877891769},"seo gp match":{"SXS_BBH_0010_Res5":0.9868301937,"SXS_BBH_0026_Res5":0.9890806431,"SXS_BBH_0107_Res5":0.9709078035,"SXS_BBH_0229_Res5":0.9924102208,"SXS_BBH_0235_Res5":0.9844823126,"SXS_BBH_0243_Res5":0.9591178292,"SXS_BBH_0264_Res5":0.9931965024,"SXS_BBH_0296_Res5":0.9857582376}}